{
    "Random Forest": {
        "n_estimators": 595,
        "max_depth": 7,
        "min_samples_split": 4,
        "min_samples_leaf": 2,
        "max_features": 0.6371269345355447
    },
    "Extra Trees": {
        "n_estimators": 842,
        "max_depth": 10,
        "min_samples_split": 4,
        "min_samples_leaf": 2,
        "max_features": 0.984868144326918
    },
    "XGBoost": {
        "n_estimators": 924,
        "max_depth": 5,
        "learning_rate": 0.011049028952006747,
        "subsample": 0.6476653818542754,
        "colsample_bytree": 0.930390414087185,
        "reg_alpha": 2.233212767651402,
        "reg_lambda": 0.3818089708523236
    },
    "GBRT": {
        "n_estimators": 87,
        "max_depth": 3,
        "learning_rate": 0.08960785365368121,
        "subsample": 0.8394633936788146,
        "min_samples_split": 13,
        "min_samples_leaf": 6
    },
    "CatBoost": {
        "iterations": 790,
        "depth": 5,
        "learning_rate": 0.0380002873335288,
        "l2_leaf_reg": 8.917421529681478,
        "bagging_temperature": 0.8618672409291849
    },
    "AdaBoost": {
        "n_estimators": 237,
        "learning_rate": 1.8108330548081575,
        "loss": "linear"
    }
}