{
    "Random Forest": {
        "n_estimators": 910,
        "max_depth": 6,
        "min_samples_split": 4,
        "min_samples_leaf": 2,
        "max_features": 0.9586867429109784
    },
    "Extra Trees": {
        "n_estimators": 598,
        "max_depth": 12,
        "min_samples_split": 4,
        "min_samples_leaf": 2,
        "max_features": 0.8122500376980195
    },
    "XGBoost": {
        "n_estimators": 629,
        "max_depth": 4,
        "learning_rate": 0.03601282082884045,
        "subsample": 0.6023249343497592,
        "colsample_bytree": 0.6284213285610615,
        "reg_alpha": 5.983672422629297,
        "reg_lambda": 2.0924821079439946
    },
    "GBRT": {
        "n_estimators": 79,
        "max_depth": 3,
        "learning_rate": 0.03150635979409802,
        "subsample": 0.8021190724328062,
        "min_samples_split": 12,
        "min_samples_leaf": 7
    },
    "CatBoost": {
        "iterations": 701,
        "depth": 4,
        "learning_rate": 0.03550068341649435,
        "l2_leaf_reg": 0.9134266204616742,
        "bagging_temperature": 0.5414118183461621
    },
    "AdaBoost": {
        "n_estimators": 250,
        "learning_rate": 1.9595791443303543,
        "loss": "linear"
    }
}